<?xml version="1.0" encoding="utf-8"?>
<polarisConfig version="1.7.0.0">
	<serverName>Default</serverName>
	<licenseServer>10.49.51.151</licenseServer>
	<pathPlanner>
		<syncRate>20000</syncRate>
		<multiScan>on</multiScan>
		<maxArcMergeAngle>180</maxArcMergeAngle>
		<maxArcMergeError>10</maxArcMergeError>
		<maxLookAheadPaths>750</maxLookAheadPaths>
		<posResolution>1E-7</posResolution>
		<velResolution>5E-6</velResolution>
		<accResolution>5E-6</accResolution>
	</pathPlanner>
	<mci>
		<vectorSpeed>300</vectorSpeed>
		<vectorAcceleration>3000</vectorAcceleration>
		<vectorDeceleration>3000</vectorDeceleration>
		<vectorAccelJerk>1000000</vectorAccelJerk>
		<vectorDecelJerk>1000000</vectorDecelJerk>
	</mci>
	<gcode>
		<machineSetup>
			<dimensionMode>absolute</dimensionMode>
			<plane>XY</plane>
			<ifovEnabled>off</ifovEnabled>
			<coolant>off</coolant>
			<primarySpindle>-1</primarySpindle>
			<secondarySpindle>-1</secondarySpindle>
			<spindleVelTolerance>2</spindleVelTolerance>
			<radTolerance>0.1</radTolerance>
			<feedRate>60000</feedRate>
			<ppUnits>mm</ppUnits>
		</machineSetup>
		<parser>
			<units>mm</units>
			<defaultMove>G01</defaultMove>
			<coordinateSystemMode>right</coordinateSystemMode>
			<dwellSymbol>F</dwellSymbol>
			<commentSymbol>;</commentSymbol>
			<groupSymbol>(</groupSymbol>
			<paramacroSymbol>P</paramacroSymbol>
			<blockDeleteSymbol>/</blockDeleteSymbol>
			<angleUnits>degrees</angleUnits>
			<toolRadiusRegisterD>on</toolRadiusRegisterD>
			<blockMode>normal</blockMode>
		</parser>
		<autoTriggering>
			<enabled>off</enabled>
			<onLevel>high</onLevel>
		</autoTriggering>
	</gcode>
	<controller controllerVersion="2">
		<name>GantryController</name>
		<digIO>
			<output0>
				<name>Controller_OUT0</name>
				<UIDisplay>off</UIDisplay>
			</output0>
			<output1>
				<name>Controller_OUT1</name>
				<UIDisplay>off</UIDisplay>
			</output1>
			<input0>
				<name>Controller_IN0</name>
				<UIDisplay>off</UIDisplay>
				<activeLevel>high</activeLevel>
			</input0>
			<input1>
				<name>Controller_IN1</name>
				<UIDisplay>off</UIDisplay>
				<activeLevel>high</activeLevel>
			</input1>
		</digIO>
		<masterEncoder controllerVersion="2">
			<encoderGain>1.0</encoderGain>
			<homePosition>0</homePosition>
			<rollOver>
				<enabled>off</enabled>
				<rollOverPosition>360.0</rollOverPosition>
			</rollOver>
			<aQuadB>
				<velocityTMin>102.4</velocityTMin>
				<velocityTMax>1638.4</velocityTMax>
			</aQuadB>
		</masterEncoder>
	</controller>
	<axis name="axisDualBissBiss" driveMode="pwm" optionBoard="anaIO" vSelct="false" phaseType="3" ampVersion="3">
		<axisNum>0</axisNum>
		<units>mm</units>
		<amplifier>
			<name>X_Axis</name>
			<mercuryAddress>
				<chain>0</chain>
				<device>1</device>
			</mercuryAddress>
			<spuProgram>PIDVAFF</spuProgram>
			<secondarySpuProgram>PIDVAFF</secondarySpuProgram>
			<spuMultiplierRate>1x</spuMultiplierRate>
			<torqueCompEnabled>off</torqueCompEnabled>
			<encoderType>biss</encoderType>
			<secondaryEncoderType>bissCh1</secondaryEncoderType>
			<encoderGain>1E-06</encoderGain>
			<secondaryEncoderGain>1.0</secondaryEncoderGain>
			<encoderDirection>standard</encoderDirection>
			<HLIMDirection>standard</HLIMDirection>
			<rollOver>
				<enabled>off</enabled>
				<rollOverPosition>360.0</rollOverPosition>
			</rollOver>
			<backlashComp>
				<enabled>off</enabled>
				<amount>0</amount>
			</backlashComp>
			<triggering>
				<enabled>off</enabled>
				<fixedPitchMotionAxis>off</fixedPitchMotionAxis>
				<fixedPitch>
					<pulsedMode>off</pulsedMode>
					<pulseTime_ns>1000</pulseTime_ns>
					<pulseDistance_mm>0.025</pulseDistance_mm>
					<prrSynchedMode>off</prrSynchedMode>
				</fixedPitch>
				<syncTriggering>
					<defaultTriggerAxis>on</defaultTriggerAxis>
					<defaultHSOutput>0</defaultHSOutput>
					<defaultModulationTime>0</defaultModulationTime>
					<prrSignalSource>Internal</prrSignalSource>
					<prrSignalEnabled>off</prrSignalEnabled>
					<prrFreq>0</prrFreq>
					<hardwareDelayCompensation>
						<onDelay>30000</onDelay>
						<offDelay>30000</offDelay>
					</hardwareDelayCompensation>
					<safetyErrorResponseHSDO0>
						<enabled>off</enabled>
						<state>0</state>
					</safetyErrorResponseHSDO0>
					<safetyErrorResponseHSDO1>
						<enabled>off</enabled>
						<state>0</state>
					</safetyErrorResponseHSDO1>
				</syncTriggering>
			</triggering>
			<digIO>
				<output0>
					<name>Out_0</name>
					<UIDisplay>on</UIDisplay>
				</output0>
				<output1>
					<name>Out_1</name>
					<UIDisplay>on</UIDisplay>
				</output1>
				<highSpeedOutput0>
					<name>HSOut_0</name>
					<UIDisplay>on</UIDisplay>
				</highSpeedOutput0>
				<highSpeedOutput1>
					<name>HSOut_1</name>
					<UIDisplay>on</UIDisplay>
				</highSpeedOutput1>
				<input0>
					<activeLevel>high</activeLevel>
					<name>In_0</name>
					<UIDisplay>on</UIDisplay>
				</input0>
				<input1>
					<activeLevel>high</activeLevel>
					<name>In_1</name>
					<UIDisplay>on</UIDisplay>
				</input1>
				<input2>
					<activeLevel>high</activeLevel>
					<name>In_2</name>
					<UIDisplay>on</UIDisplay>
				</input2>
				<hardLimitPlus>
					<activeLevel>high</activeLevel>
					<name>hardLimitPlus</name>
					<UIDisplay>off</UIDisplay>
				</hardLimitPlus>
				<hardLimitMinus>
					<activeLevel>high</activeLevel>
					<name>hardLimitMinus</name>
					<UIDisplay>off</UIDisplay>
				</hardLimitMinus>
				<homeSwitch>
					<activeLevel>high</activeLevel>
					<name>homeSwitch</name>
					<UIDisplay>off</UIDisplay>
				</homeSwitch>
				<highSpeedInput>
					<activeLevel>high</activeLevel>
					<name>highSpeedInput</name>
					<UIDisplay>off</UIDisplay>
				</highSpeedInput>
				<hall0>
					<activeLevel>high</activeLevel>
					<name>hall0</name>
					<UIDisplay>off</UIDisplay>
				</hall0>
				<hall1>
					<activeLevel>high</activeLevel>
					<name>hall1</name>
					<UIDisplay>off</UIDisplay>
				</hall1>
				<hall2>
					<activeLevel>high</activeLevel>
					<name>hall2</name>
					<UIDisplay>off</UIDisplay>
				</hall2>
				<motorThermal>
					<activeLevel>low</activeLevel>
					<name>motorThermal</name>
					<UIDisplay>off</UIDisplay>
				</motorThermal>
				<safety>
					<activeLevel>low</activeLevel>
					<name>safety</name>
					<UIDisplay>off</UIDisplay>
				</safety>
				<eStop>
					<activeLevel>low</activeLevel>
					<name>eStop</name>
					<UIDisplay>off</UIDisplay>
				</eStop>
				<highSpeedInput1>
					<activeLevel>high</activeLevel>
					<name>highSpeedInput1</name>
					<UIDisplay>off</UIDisplay>
				</highSpeedInput1>
			</digIO>
			<phasing phaseType="3">
				<phaseMode>autophase</phaseMode>
				<phaseDriveMag>0.05</phaseDriveMag>
				<magSpacing>45</magSpacing>
				<numPolePairs>0</numPolePairs>
				<phaseSource>primary</phaseSource>
				<countsPerElecRev>0</countsPerElecRev>
				<phaseDragTime>500</phaseDragTime>
			</phasing>
			<anaIO optionBoard="anaIO">
				<input>Unipolar 0-10 V</input>
				<output>Bipolar +/-10 V</output>
			</anaIO>
			<limits>
				<followingError>0.5</followingError>
				<softLimitPlus>960</softLimitPlus>
				<softLimitMinus>-1270</softLimitMinus>
				<motorVoltage>340</motorVoltage>
				<minMotorVoltage>280</minMotorVoltage>
				<peakCurrent>7</peakCurrent>
				<continuousCurrent>2.2</continuousCurrent>
				<analogInThresholdVoltage>10.0</analogInThresholdVoltage>
				<velocityEnableTolerance>10.0</velocityEnableTolerance>
				<motionDonePositionTolerance>1.0</motionDonePositionTolerance>
				<continuousCurrentTime>1.0</continuousCurrentTime>
				<emergencyDeceleration>1000</emergencyDeceleration>
			</limits>
			<motorBrake>
				<enabled>off</enabled>
				<enableDelay>200</enableDelay>
				<disableDelay>200</disableDelay>
			</motorBrake>
			<biss>
				<numPositionBits>36</numPositionBits>
				<clockFreq>10</clockFreq>
				<bissDtForVelocityCalc>1</bissDtForVelocityCalc>
			</biss>
			<bissCh1>
				<numPositionBitsCh1>32</numPositionBitsCh1>
				<clockFreqCh1>10</clockFreqCh1>
				<bissDtForVelocityCalcCh1>1</bissDtForVelocityCalcCh1>
			</bissCh1>
		</amplifier>
		<mci>
			<speed>30</speed>
			<acceleration>300</acceleration>
			<deceleration>300</deceleration>
			<accelJerk>500000</accelJerk>
			<decelJerk>500000</decelJerk>
			<findHardLimitSpeed>5</findHardLimitSpeed>
			<homeOnSpeed>5</homeOnSpeed>
			<homeOffSpeed>5</homeOffSpeed>
			<homeAcceleration>100</homeAcceleration>
			<homeDeceleration>100</homeDeceleration>
			<homePosition>0</homePosition>
		</mci>
		<gcode>
			<axisMap>X</axisMap>
			<feedRateRapid>30000</feedRateRapid>
			<feedRateMax>70000</feedRateMax>
			<accelRapid>3600000</accelRapid>
			<decelRapid>3600000</decelRapid>
			<accelMax>52960000</accelMax>
			<jerkMax>3177000000000</jerkMax>
		</gcode>
		<errorResponse>
			<ambientOverTemp>
				<enabled>on</enabled>
				<latched>on</latched>
				<hardwareResponse driveMode="pwm">openFets</hardwareResponse>
				<softwareResponse>pathStop</softwareResponse>
			</ambientOverTemp>
			<continuousOverCurrent>
				<enabled>on</enabled>
				<latched>off</latched>
				<hardwareResponse driveMode="pwm">reducedDrive</hardwareResponse>
				<softwareResponse>none</softwareResponse>
			</continuousOverCurrent>
			<encoderFault>
				<enabled>off</enabled>
				<latched>on</latched>
				<hardwareResponse driveMode="pwm">openFets</hardwareResponse>
				<softwareResponse>pathStop</softwareResponse>
			</encoderFault>
			<eStop>
				<enabled>on</enabled>
				<latched>on</latched>
				<hardwareResponse driveMode="pwm">openFets</hardwareResponse>
				<softwareResponse>pathStop</softwareResponse>
			</eStop>
			<followingError>
				<enabled>on</enabled>
				<latched>on</latched>
				<hardwareResponse driveMode="pwm">openFets</hardwareResponse>
				<softwareResponse>pathStop</softwareResponse>
			</followingError>
			<hallFault>
				<enabled>off</enabled>
				<latched>on</latched>
				<hardwareResponse driveMode="pwm">openFets</hardwareResponse>
				<softwareResponse>pathStop</softwareResponse>
			</hallFault>
			<hardLimit>
				<enabled>off</enabled>
				<latched>on</latched>
				<hardwareResponse driveMode="pwm">reducedDrive</hardwareResponse>
				<softwareResponse>pathStop</softwareResponse>
			</hardLimit>
			<heatSinkOverTemp>
				<enabled>on</enabled>
				<latched>on</latched>
				<hardwareResponse driveMode="pwm">openFets</hardwareResponse>
				<softwareResponse>pathStop</softwareResponse>
			</heatSinkOverTemp>
			<mercuryTimeout>
				<enabled>on</enabled>
				<latched>on</latched>
				<hardwareResponse driveMode="pwm">openFets</hardwareResponse>
				<softwareResponse>pathStop</softwareResponse>
			</mercuryTimeout>
			<motorOverVoltage>
				<enabled>on</enabled>
				<latched>on</latched>
				<hardwareResponse driveMode="pwm">openFets</hardwareResponse>
				<softwareResponse>pathStop</softwareResponse>
			</motorOverVoltage>
			<motorUnderVoltage>
				<enabled>off</enabled>
				<latched>on</latched>
				<hardwareResponse driveMode="pwm">openFets</hardwareResponse>
				<softwareResponse>pathStop</softwareResponse>
			</motorUnderVoltage>
			<motorOverTemp>
				<enabled>off</enabled>
				<latched>on</latched>
				<hardwareResponse driveMode="pwm">openFets</hardwareResponse>
				<softwareResponse>pathStop</softwareResponse>
			</motorOverTemp>
			<peakOverCurrent>
				<enabled>on</enabled>
				<latched>on</latched>
				<hardwareResponse driveMode="pwm">openFets</hardwareResponse>
				<softwareResponse>pathStop</softwareResponse>
			</peakOverCurrent>
			<softLimit>
				<enabled>on</enabled>
				<latched>on</latched>
				<hardwareResponse driveMode="pwm">reducedDrive</hardwareResponse>
				<softwareResponse>pathStop</softwareResponse>
			</softLimit>
			<softwareEStop>
				<enabled>off</enabled>
				<latched>on</latched>
				<hardwareResponse driveMode="pwm">openFets</hardwareResponse>
				<softwareResponse>pathStop</softwareResponse>
			</softwareEStop>
			<spuError>
				<enabled>on</enabled>
				<latched>on</latched>
				<hardwareResponse driveMode="pwm">openFets</hardwareResponse>
				<softwareResponse>pathStop</softwareResponse>
			</spuError>
			<analogInThresholdOverVoltage>
				<enabled>off</enabled>
				<latched>on</latched>
				<hardwareResponse driveMode="pwm">openFets</hardwareResponse>
				<softwareResponse>pathStop</softwareResponse>
			</analogInThresholdOverVoltage>
			<infeasibleMotion>
				<hardwareResponse driveMode="pwm">openFets</hardwareResponse>
				<softwareResponse>pathStop</softwareResponse>
			</infeasibleMotion>
		</errorResponse>
	</axis>
	<axis name="axisDualBissAQuadB" driveMode="pwm" optionBoard="anaIO" vSelct="false" phaseType="3" ampVersion="3">
		<axisNum>1</axisNum>
		<units>mm</units>
		<amplifier>
			<name>Z_Axis</name>
			<mercuryAddress>
				<chain>0</chain>
				<device>2</device>
			</mercuryAddress>
			<spuProgram>PIDVAFF</spuProgram>
			<secondarySpuProgram>PIDVAFF</secondarySpuProgram>
			<spuMultiplierRate>1x</spuMultiplierRate>
			<torqueCompEnabled>off</torqueCompEnabled>
			<encoderType>biss</encoderType>
			<secondaryEncoderType>aQuadB</secondaryEncoderType>
			<encoderGain>1E-06</encoderGain>
			<secondaryEncoderGain>0.0439453125</secondaryEncoderGain>
			<encoderDirection>standard</encoderDirection>
			<HLIMDirection>standard</HLIMDirection>
			<rollOver>
				<enabled>off</enabled>
				<rollOverPosition>360.0</rollOverPosition>
			</rollOver>
			<backlashComp>
				<enabled>off</enabled>
				<amount>0</amount>
			</backlashComp>
			<triggering>
				<enabled>off</enabled>
				<fixedPitchMotionAxis>off</fixedPitchMotionAxis>
				<fixedPitch>
					<pulsedMode>off</pulsedMode>
					<pulseTime_ns>1000</pulseTime_ns>
					<pulseDistance_mm>0.025</pulseDistance_mm>
					<prrSynchedMode>off</prrSynchedMode>
				</fixedPitch>
				<syncTriggering>
					<defaultTriggerAxis>off</defaultTriggerAxis>
					<defaultHSOutput>0</defaultHSOutput>
					<defaultModulationTime>0</defaultModulationTime>
					<prrSignalSource>Internal</prrSignalSource>
					<prrSignalEnabled>off</prrSignalEnabled>
					<prrFreq>0</prrFreq>
					<hardwareDelayCompensation>
						<onDelay>0</onDelay>
						<offDelay>0</offDelay>
					</hardwareDelayCompensation>
					<safetyErrorResponseHSDO0>
						<enabled>off</enabled>
						<state>0</state>
					</safetyErrorResponseHSDO0>
					<safetyErrorResponseHSDO1>
						<enabled>off</enabled>
						<state>0</state>
					</safetyErrorResponseHSDO1>
				</syncTriggering>
			</triggering>
			<digIO>
				<output0>
					<name>Out_0</name>
					<UIDisplay>off</UIDisplay>
				</output0>
				<output1>
					<name>Out_1</name>
					<UIDisplay>off</UIDisplay>
				</output1>
				<highSpeedOutput0>
					<name>HSOut_0</name>
					<UIDisplay>off</UIDisplay>
				</highSpeedOutput0>
				<highSpeedOutput1>
					<name>HSOut_1</name>
					<UIDisplay>off</UIDisplay>
				</highSpeedOutput1>
				<input0>
					<activeLevel>high</activeLevel>
					<name>In_0</name>
					<UIDisplay>off</UIDisplay>
				</input0>
				<input1>
					<activeLevel>high</activeLevel>
					<name>In_1</name>
					<UIDisplay>off</UIDisplay>
				</input1>
				<input2>
					<activeLevel>high</activeLevel>
					<name>In_2</name>
					<UIDisplay>off</UIDisplay>
				</input2>
				<hardLimitPlus>
					<activeLevel>high</activeLevel>
					<name>hardLimitPlus</name>
					<UIDisplay>off</UIDisplay>
				</hardLimitPlus>
				<hardLimitMinus>
					<activeLevel>high</activeLevel>
					<name>hardLimitMinus</name>
					<UIDisplay>off</UIDisplay>
				</hardLimitMinus>
				<homeSwitch>
					<activeLevel>high</activeLevel>
					<name>homeSwitch</name>
					<UIDisplay>off</UIDisplay>
				</homeSwitch>
				<highSpeedInput>
					<activeLevel>high</activeLevel>
					<name>highSpeedInput</name>
					<UIDisplay>off</UIDisplay>
				</highSpeedInput>
				<hall0>
					<activeLevel>high</activeLevel>
					<name>hall0</name>
					<UIDisplay>off</UIDisplay>
				</hall0>
				<hall1>
					<activeLevel>high</activeLevel>
					<name>hall1</name>
					<UIDisplay>off</UIDisplay>
				</hall1>
				<hall2>
					<activeLevel>high</activeLevel>
					<name>hall2</name>
					<UIDisplay>off</UIDisplay>
				</hall2>
				<motorThermal>
					<activeLevel>low</activeLevel>
					<name>motorThermal</name>
					<UIDisplay>off</UIDisplay>
				</motorThermal>
				<safety>
					<activeLevel>low</activeLevel>
					<name>safety</name>
					<UIDisplay>off</UIDisplay>
				</safety>
				<eStop>
					<activeLevel>low</activeLevel>
					<name>eStop</name>
					<UIDisplay>off</UIDisplay>
				</eStop>
				<highSpeedInput1>
					<activeLevel>high</activeLevel>
					<name>highSpeedInput1</name>
					<UIDisplay>off</UIDisplay>
				</highSpeedInput1>
			</digIO>
			<phasing phaseType="3">
				<phaseMode>autophase</phaseMode>
				<phaseDriveMag>0.05</phaseDriveMag>
				<magSpacing>0</magSpacing>
				<numPolePairs>0</numPolePairs>
				<phaseSource>primary</phaseSource>
				<phaseDragTime>500</phaseDragTime>
				<countsPerElecRev>666666</countsPerElecRev>
				<phaseFraction>2/3</phaseFraction>
			</phasing>
			<anaIO optionBoard="anaIO">
				<input>Unipolar 0-10 V</input>
				<output>Bipolar +/-10 V</output>
			</anaIO>
			<limits>
				<followingError>1</followingError>
				<softLimitPlus>130</softLimitPlus>
				<softLimitMinus>-132</softLimitMinus>
				<motorVoltage>340</motorVoltage>
				<minMotorVoltage>280</minMotorVoltage>
				<peakCurrent>10</peakCurrent>
				<continuousCurrent>2.79</continuousCurrent>
				<analogInThresholdVoltage>10.0</analogInThresholdVoltage>
				<velocityEnableTolerance>10.0</velocityEnableTolerance>
				<motionDonePositionTolerance>1.0</motionDonePositionTolerance>
				<continuousCurrentTime>1.0</continuousCurrentTime>
				<emergencyDeceleration>1000</emergencyDeceleration>
			</limits>
			<motorBrake>
				<enabled>on</enabled>
				<enableDelay>200</enableDelay>
				<disableDelay>200</disableDelay>
			</motorBrake>
			<aQuadB>
				<velocityTMin>102.4</velocityTMin>
				<velocityTMax>1638.4</velocityTMax>
				<mode ampVersion="3">differential</mode>
			</aQuadB>
			<biss>
				<numPositionBits>36</numPositionBits>
				<clockFreq>10</clockFreq>
				<bissDtForVelocityCalc>1</bissDtForVelocityCalc>
			</biss>
		</amplifier>
		<mci>
			<speed>30</speed>
			<acceleration>300</acceleration>
			<deceleration>300</deceleration>
			<accelJerk>500000</accelJerk>
			<decelJerk>500000</decelJerk>
			<findHardLimitSpeed>5</findHardLimitSpeed>
			<homeOnSpeed>5</homeOnSpeed>
			<homeOffSpeed>5</homeOffSpeed>
			<homeAcceleration>100</homeAcceleration>
			<homeDeceleration>100</homeDeceleration>
			<homePosition>0</homePosition>
		</mci>
		<gcode>
			<axisMap>Z</axisMap>
			<feedRateRapid>30000</feedRateRapid>
			<feedRateMax>70000</feedRateMax>
			<accelRapid>3600000</accelRapid>
			<decelRapid>3600000</decelRapid>
			<accelMax>52960000</accelMax>
			<jerkMax>3177000000000</jerkMax>
		</gcode>
		<errorResponse>
			<ambientOverTemp>
				<enabled>on</enabled>
				<latched>on</latched>
				<hardwareResponse driveMode="pwm">openFets</hardwareResponse>
				<softwareResponse>pathStop</softwareResponse>
			</ambientOverTemp>
			<continuousOverCurrent>
				<enabled>on</enabled>
				<latched>off</latched>
				<hardwareResponse driveMode="pwm">reducedDrive</hardwareResponse>
				<softwareResponse>none</softwareResponse>
			</continuousOverCurrent>
			<encoderFault>
				<enabled>off</enabled>
				<latched>on</latched>
				<hardwareResponse driveMode="pwm">openFets</hardwareResponse>
				<softwareResponse>pathStop</softwareResponse>
			</encoderFault>
			<eStop>
				<enabled>on</enabled>
				<latched>on</latched>
				<hardwareResponse driveMode="pwm">openFets</hardwareResponse>
				<softwareResponse>pathStop</softwareResponse>
			</eStop>
			<followingError>
				<enabled>on</enabled>
				<latched>on</latched>
				<hardwareResponse driveMode="pwm">openFets</hardwareResponse>
				<softwareResponse>pathStop</softwareResponse>
			</followingError>
			<hallFault>
				<enabled>off</enabled>
				<latched>on</latched>
				<hardwareResponse driveMode="pwm">openFets</hardwareResponse>
				<softwareResponse>pathStop</softwareResponse>
			</hallFault>
			<hardLimit>
				<enabled>off</enabled>
				<latched>on</latched>
				<hardwareResponse driveMode="pwm">reducedDrive</hardwareResponse>
				<softwareResponse>pathStop</softwareResponse>
			</hardLimit>
			<heatSinkOverTemp>
				<enabled>on</enabled>
				<latched>on</latched>
				<hardwareResponse driveMode="pwm">openFets</hardwareResponse>
				<softwareResponse>pathStop</softwareResponse>
			</heatSinkOverTemp>
			<mercuryTimeout>
				<enabled>on</enabled>
				<latched>on</latched>
				<hardwareResponse driveMode="pwm">openFets</hardwareResponse>
				<softwareResponse>pathStop</softwareResponse>
			</mercuryTimeout>
			<motorOverVoltage>
				<enabled>on</enabled>
				<latched>on</latched>
				<hardwareResponse driveMode="pwm">openFets</hardwareResponse>
				<softwareResponse>pathStop</softwareResponse>
			</motorOverVoltage>
			<motorUnderVoltage>
				<enabled>off</enabled>
				<latched>on</latched>
				<hardwareResponse driveMode="pwm">openFets</hardwareResponse>
				<softwareResponse>pathStop</softwareResponse>
			</motorUnderVoltage>
			<motorOverTemp>
				<enabled>off</enabled>
				<latched>on</latched>
				<hardwareResponse driveMode="pwm">openFets</hardwareResponse>
				<softwareResponse>pathStop</softwareResponse>
			</motorOverTemp>
			<peakOverCurrent>
				<enabled>on</enabled>
				<latched>on</latched>
				<hardwareResponse driveMode="pwm">openFets</hardwareResponse>
				<softwareResponse>pathStop</softwareResponse>
			</peakOverCurrent>
			<softLimit>
				<enabled>on</enabled>
				<latched>on</latched>
				<hardwareResponse driveMode="pwm">reducedDrive</hardwareResponse>
				<softwareResponse>pathStop</softwareResponse>
			</softLimit>
			<softwareEStop>
				<enabled>off</enabled>
				<latched>on</latched>
				<hardwareResponse driveMode="pwm">openFets</hardwareResponse>
				<softwareResponse>pathStop</softwareResponse>
			</softwareEStop>
			<spuError>
				<enabled>on</enabled>
				<latched>on</latched>
				<hardwareResponse driveMode="pwm">openFets</hardwareResponse>
				<softwareResponse>pathStop</softwareResponse>
			</spuError>
			<analogInThresholdOverVoltage>
				<enabled>off</enabled>
				<latched>on</latched>
				<hardwareResponse driveMode="pwm">openFets</hardwareResponse>
				<softwareResponse>pathStop</softwareResponse>
			</analogInThresholdOverVoltage>
			<infeasibleMotion>
				<hardwareResponse driveMode="pwm">openFets</hardwareResponse>
				<softwareResponse>pathStop</softwareResponse>
			</infeasibleMotion>
		</errorResponse>
	</axis>
	<axis name="axisDualBissBiss" driveMode="pwm" optionBoard="anaIO" vSelct="false" phaseType="3" ampVersion="3">
		<axisNum>2</axisNum>
		<units>mm</units>
		<amplifier>
			<name>YR_Axis</name>
			<mercuryAddress>
				<chain>0</chain>
				<device>3</device>
			</mercuryAddress>
			<spuProgram>PIDVAFF</spuProgram>
			<secondarySpuProgram>PIDVAFFGantryPrimary</secondarySpuProgram>
			<spuMultiplierRate>1x</spuMultiplierRate>
			<torqueCompEnabled>off</torqueCompEnabled>
			<encoderType>biss</encoderType>
			<secondaryEncoderType>bissCh1</secondaryEncoderType>
			<encoderGain>8.381903171539E-08</encoderGain>
			<secondaryEncoderGain>0.001373291015625</secondaryEncoderGain>
			<encoderDirection>standard</encoderDirection>
			<secondaryEncoderDirection>standard</secondaryEncoderDirection>
			<HLIMDirection>standard</HLIMDirection>
			<rollOver>
				<enabled>off</enabled>
				<rollOverPosition>360.0</rollOverPosition>
			</rollOver>
			<backlashComp>
				<enabled>off</enabled>
				<amount>0</amount>
			</backlashComp>
			<triggering>
				<enabled>off</enabled>
				<fixedPitchMotionAxis>off</fixedPitchMotionAxis>
				<fixedPitch>
					<pulsedMode>off</pulsedMode>
					<pulseTime_ns>1000</pulseTime_ns>
					<pulseDistance_mm>0.025</pulseDistance_mm>
					<prrSynchedMode>off</prrSynchedMode>
				</fixedPitch>
				<syncTriggering>
					<defaultTriggerAxis>off</defaultTriggerAxis>
					<defaultHSOutput>0</defaultHSOutput>
					<defaultModulationTime>0</defaultModulationTime>
					<prrSignalSource>Internal</prrSignalSource>
					<prrSignalEnabled>off</prrSignalEnabled>
					<prrFreq>0</prrFreq>
					<hardwareDelayCompensation>
						<onDelay>0</onDelay>
						<offDelay>0</offDelay>
					</hardwareDelayCompensation>
					<safetyErrorResponseHSDO0>
						<enabled>off</enabled>
						<state>0</state>
					</safetyErrorResponseHSDO0>
					<safetyErrorResponseHSDO1>
						<enabled>off</enabled>
						<state>0</state>
					</safetyErrorResponseHSDO1>
				</syncTriggering>
			</triggering>
			<digIO>
				<output0>
					<name>Out_0</name>
					<UIDisplay>off</UIDisplay>
				</output0>
				<output1>
					<name>Out_1</name>
					<UIDisplay>off</UIDisplay>
				</output1>
				<highSpeedOutput0>
					<name>HSOut_0</name>
					<UIDisplay>off</UIDisplay>
				</highSpeedOutput0>
				<highSpeedOutput1>
					<name>HSOut_1</name>
					<UIDisplay>off</UIDisplay>
				</highSpeedOutput1>
				<input0>
					<activeLevel>high</activeLevel>
					<name>In_0</name>
					<UIDisplay>off</UIDisplay>
				</input0>
				<input1>
					<activeLevel>high</activeLevel>
					<name>In_1</name>
					<UIDisplay>off</UIDisplay>
				</input1>
				<input2>
					<activeLevel>high</activeLevel>
					<name>In_2</name>
					<UIDisplay>off</UIDisplay>
				</input2>
				<hardLimitPlus>
					<activeLevel>high</activeLevel>
					<name>hardLimitPlus</name>
					<UIDisplay>off</UIDisplay>
				</hardLimitPlus>
				<hardLimitMinus>
					<activeLevel>high</activeLevel>
					<name>hardLimitMinus</name>
					<UIDisplay>off</UIDisplay>
				</hardLimitMinus>
				<homeSwitch>
					<activeLevel>high</activeLevel>
					<name>homeSwitch</name>
					<UIDisplay>off</UIDisplay>
				</homeSwitch>
				<highSpeedInput>
					<activeLevel>high</activeLevel>
					<name>highSpeedInput</name>
					<UIDisplay>off</UIDisplay>
				</highSpeedInput>
				<hall0>
					<activeLevel>high</activeLevel>
					<name>hall0</name>
					<UIDisplay>off</UIDisplay>
				</hall0>
				<hall1>
					<activeLevel>high</activeLevel>
					<name>hall1</name>
					<UIDisplay>off</UIDisplay>
				</hall1>
				<hall2>
					<activeLevel>high</activeLevel>
					<name>hall2</name>
					<UIDisplay>off</UIDisplay>
				</hall2>
				<motorThermal>
					<activeLevel>low</activeLevel>
					<name>motorThermal</name>
					<UIDisplay>off</UIDisplay>
				</motorThermal>
				<safety>
					<activeLevel>low</activeLevel>
					<name>safety</name>
					<UIDisplay>off</UIDisplay>
				</safety>
				<eStop>
					<activeLevel>low</activeLevel>
					<name>eStop</name>
					<UIDisplay>off</UIDisplay>
				</eStop>
				<highSpeedInput1>
					<activeLevel>high</activeLevel>
					<name>highSpeedInput1</name>
					<UIDisplay>off</UIDisplay>
				</highSpeedInput1>
			</digIO>
			<phasing phaseType="3">
				<phaseMode>autophase</phaseMode>
				<phaseDriveMag>0.05</phaseDriveMag>
				<magSpacing>0</magSpacing>
				<numPolePairs>13</numPolePairs>
				<phaseSource>secondary</phaseSource>
				<phaseDragTime>500</phaseDragTime>
			</phasing>
			<anaIO optionBoard="anaIO">
				<input>Unipolar 0-10 V</input>
				<output>Bipolar +/-10 V</output>
			</anaIO>
			<limits>
				<followingError>1</followingError>
				<softLimitPlus>10</softLimitPlus>
				<softLimitMinus>-10</softLimitMinus>
				<motorVoltage>180</motorVoltage>
				<minMotorVoltage>100</minMotorVoltage>
				<peakCurrent>12</peakCurrent>
				<continuousCurrent>4.6</continuousCurrent>
				<analogInThresholdVoltage>10.0</analogInThresholdVoltage>
				<velocityEnableTolerance>10.0</velocityEnableTolerance>
				<motionDonePositionTolerance>1.0</motionDonePositionTolerance>
				<continuousCurrentTime>1.0</continuousCurrentTime>
				<emergencyDeceleration>1000</emergencyDeceleration>
			</limits>
			<motorBrake>
				<enabled>off</enabled>
				<enableDelay>200</enableDelay>
				<disableDelay>200</disableDelay>
			</motorBrake>
			<biss>
				<numPositionBits>32</numPositionBits>
				<clockFreq>10</clockFreq>
				<bissDtForVelocityCalc>4</bissDtForVelocityCalc>
			</biss>
			<bissCh1>
				<numPositionBitsCh1>18</numPositionBitsCh1>
				<clockFreqCh1>5</clockFreqCh1>
				<bissDtForVelocityCalcCh1>4</bissDtForVelocityCalcCh1>
			</bissCh1>
		</amplifier>
		<mci>
			<speed>30</speed>
			<acceleration>300</acceleration>
			<deceleration>300</deceleration>
			<accelJerk>500000</accelJerk>
			<decelJerk>500000</decelJerk>
			<findHardLimitSpeed>5</findHardLimitSpeed>
			<homeOnSpeed>5</homeOnSpeed>
			<homeOffSpeed>5</homeOffSpeed>
			<homeAcceleration>100</homeAcceleration>
			<homeDeceleration>100</homeDeceleration>
			<homePosition>0</homePosition>
		</mci>
		<gcode>
			<axisMap>Y</axisMap>
			<feedRateRapid>30000</feedRateRapid>
			<feedRateMax>70000</feedRateMax>
			<accelRapid>3600000</accelRapid>
			<decelRapid>3600000</decelRapid>
			<accelMax>52960000</accelMax>
			<jerkMax>3177000000000</jerkMax>
		</gcode>
		<errorResponse>
			<ambientOverTemp>
				<enabled>on</enabled>
				<latched>on</latched>
				<hardwareResponse driveMode="pwm">openFets</hardwareResponse>
				<softwareResponse>pathStop</softwareResponse>
			</ambientOverTemp>
			<continuousOverCurrent>
				<enabled>on</enabled>
				<latched>off</latched>
				<hardwareResponse driveMode="pwm">reducedDrive</hardwareResponse>
				<softwareResponse>none</softwareResponse>
			</continuousOverCurrent>
			<encoderFault>
				<enabled>off</enabled>
				<latched>on</latched>
				<hardwareResponse driveMode="pwm">openFets</hardwareResponse>
				<softwareResponse>pathStop</softwareResponse>
			</encoderFault>
			<eStop>
				<enabled>on</enabled>
				<latched>on</latched>
				<hardwareResponse driveMode="pwm">openFets</hardwareResponse>
				<softwareResponse>pathStop</softwareResponse>
			</eStop>
			<followingError>
				<enabled>on</enabled>
				<latched>on</latched>
				<hardwareResponse driveMode="pwm">openFets</hardwareResponse>
				<softwareResponse>pathStop</softwareResponse>
			</followingError>
			<hallFault>
				<enabled>off</enabled>
				<latched>on</latched>
				<hardwareResponse driveMode="pwm">openFets</hardwareResponse>
				<softwareResponse>pathStop</softwareResponse>
			</hallFault>
			<hardLimit>
				<enabled>off</enabled>
				<latched>on</latched>
				<hardwareResponse driveMode="pwm">reducedDrive</hardwareResponse>
				<softwareResponse>pathStop</softwareResponse>
			</hardLimit>
			<heatSinkOverTemp>
				<enabled>on</enabled>
				<latched>on</latched>
				<hardwareResponse driveMode="pwm">openFets</hardwareResponse>
				<softwareResponse>pathStop</softwareResponse>
			</heatSinkOverTemp>
			<mercuryTimeout>
				<enabled>on</enabled>
				<latched>on</latched>
				<hardwareResponse driveMode="pwm">openFets</hardwareResponse>
				<softwareResponse>pathStop</softwareResponse>
			</mercuryTimeout>
			<motorOverVoltage>
				<enabled>on</enabled>
				<latched>on</latched>
				<hardwareResponse driveMode="pwm">openFets</hardwareResponse>
				<softwareResponse>pathStop</softwareResponse>
			</motorOverVoltage>
			<motorUnderVoltage>
				<enabled>off</enabled>
				<latched>on</latched>
				<hardwareResponse driveMode="pwm">openFets</hardwareResponse>
				<softwareResponse>pathStop</softwareResponse>
			</motorUnderVoltage>
			<motorOverTemp>
				<enabled>off</enabled>
				<latched>on</latched>
				<hardwareResponse driveMode="pwm">openFets</hardwareResponse>
				<softwareResponse>pathStop</softwareResponse>
			</motorOverTemp>
			<peakOverCurrent>
				<enabled>on</enabled>
				<latched>on</latched>
				<hardwareResponse driveMode="pwm">openFets</hardwareResponse>
				<softwareResponse>pathStop</softwareResponse>
			</peakOverCurrent>
			<softLimit>
				<enabled>off</enabled>
				<latched>on</latched>
				<hardwareResponse driveMode="pwm">reducedDrive</hardwareResponse>
				<softwareResponse>pathStop</softwareResponse>
			</softLimit>
			<softwareEStop>
				<enabled>off</enabled>
				<latched>on</latched>
				<hardwareResponse driveMode="pwm">openFets</hardwareResponse>
				<softwareResponse>pathStop</softwareResponse>
			</softwareEStop>
			<spuError>
				<enabled>on</enabled>
				<latched>on</latched>
				<hardwareResponse driveMode="pwm">openFets</hardwareResponse>
				<softwareResponse>pathStop</softwareResponse>
			</spuError>
			<analogInThresholdOverVoltage>
				<enabled>off</enabled>
				<latched>on</latched>
				<hardwareResponse driveMode="pwm">openFets</hardwareResponse>
				<softwareResponse>pathStop</softwareResponse>
			</analogInThresholdOverVoltage>
			<infeasibleMotion>
				<hardwareResponse driveMode="pwm">openFets</hardwareResponse>
				<softwareResponse>pathStop</softwareResponse>
			</infeasibleMotion>
		</errorResponse>
	</axis>
	<axis name="axisDualBissBiss" driveMode="pwm" optionBoard="anaIO" vSelct="false" phaseType="3" ampVersion="3">
		<axisNum>3</axisNum>
		<units>mm</units>
		<amplifier>
			<name>YL_Axis</name>
			<mercuryAddress>
				<chain>0</chain>
				<device>4</device>
			</mercuryAddress>
			<spuProgram>PIDVAFF</spuProgram>
			<secondarySpuProgram>PIDVAFFGantrySecondary</secondarySpuProgram>
			<spuMultiplierRate>1x</spuMultiplierRate>
			<torqueCompEnabled>off</torqueCompEnabled>
			<encoderType>biss</encoderType>
			<secondaryEncoderType>bissCh1</secondaryEncoderType>
			<encoderGain>8.381903171539E-08</encoderGain>
			<secondaryEncoderGain>0.001373291015625</secondaryEncoderGain>
			<encoderDirection>inverted</encoderDirection>
			<secondaryEncoderDirection>inverted</secondaryEncoderDirection>
			<HLIMDirection>standard</HLIMDirection>
			<rollOver>
				<enabled>off</enabled>
				<rollOverPosition>360.0</rollOverPosition>
			</rollOver>
			<backlashComp>
				<enabled>off</enabled>
				<amount>0</amount>
			</backlashComp>
			<triggering>
				<enabled>off</enabled>
				<fixedPitchMotionAxis>off</fixedPitchMotionAxis>
				<fixedPitch>
					<pulsedMode>off</pulsedMode>
					<pulseTime_ns>1000</pulseTime_ns>
					<pulseDistance_mm>0.025</pulseDistance_mm>
					<prrSynchedMode>off</prrSynchedMode>
				</fixedPitch>
				<syncTriggering>
					<defaultTriggerAxis>off</defaultTriggerAxis>
					<defaultHSOutput>0</defaultHSOutput>
					<defaultModulationTime>0</defaultModulationTime>
					<prrSignalSource>Internal</prrSignalSource>
					<prrSignalEnabled>off</prrSignalEnabled>
					<prrFreq>0</prrFreq>
					<hardwareDelayCompensation>
						<onDelay>0</onDelay>
						<offDelay>0</offDelay>
					</hardwareDelayCompensation>
					<safetyErrorResponseHSDO0>
						<enabled>off</enabled>
						<state>0</state>
					</safetyErrorResponseHSDO0>
					<safetyErrorResponseHSDO1>
						<enabled>off</enabled>
						<state>0</state>
					</safetyErrorResponseHSDO1>
				</syncTriggering>
			</triggering>
			<digIO>
				<output0>
					<name>Out_0</name>
					<UIDisplay>off</UIDisplay>
				</output0>
				<output1>
					<name>Out_1</name>
					<UIDisplay>off</UIDisplay>
				</output1>
				<highSpeedOutput0>
					<name>HSOut_0</name>
					<UIDisplay>off</UIDisplay>
				</highSpeedOutput0>
				<highSpeedOutput1>
					<name>HSOut_1</name>
					<UIDisplay>off</UIDisplay>
				</highSpeedOutput1>
				<input0>
					<activeLevel>high</activeLevel>
					<name>In_0</name>
					<UIDisplay>off</UIDisplay>
				</input0>
				<input1>
					<activeLevel>high</activeLevel>
					<name>In_1</name>
					<UIDisplay>off</UIDisplay>
				</input1>
				<input2>
					<activeLevel>high</activeLevel>
					<name>In_2</name>
					<UIDisplay>off</UIDisplay>
				</input2>
				<hardLimitPlus>
					<activeLevel>high</activeLevel>
					<name>hardLimitPlus</name>
					<UIDisplay>off</UIDisplay>
				</hardLimitPlus>
				<hardLimitMinus>
					<activeLevel>high</activeLevel>
					<name>hardLimitMinus</name>
					<UIDisplay>off</UIDisplay>
				</hardLimitMinus>
				<homeSwitch>
					<activeLevel>high</activeLevel>
					<name>homeSwitch</name>
					<UIDisplay>off</UIDisplay>
				</homeSwitch>
				<highSpeedInput>
					<activeLevel>high</activeLevel>
					<name>highSpeedInput</name>
					<UIDisplay>off</UIDisplay>
				</highSpeedInput>
				<hall0>
					<activeLevel>high</activeLevel>
					<name>hall0</name>
					<UIDisplay>off</UIDisplay>
				</hall0>
				<hall1>
					<activeLevel>high</activeLevel>
					<name>hall1</name>
					<UIDisplay>off</UIDisplay>
				</hall1>
				<hall2>
					<activeLevel>high</activeLevel>
					<name>hall2</name>
					<UIDisplay>off</UIDisplay>
				</hall2>
				<motorThermal>
					<activeLevel>low</activeLevel>
					<name>motorThermal</name>
					<UIDisplay>off</UIDisplay>
				</motorThermal>
				<safety>
					<activeLevel>low</activeLevel>
					<name>safety</name>
					<UIDisplay>off</UIDisplay>
				</safety>
				<eStop>
					<activeLevel>low</activeLevel>
					<name>eStop</name>
					<UIDisplay>off</UIDisplay>
				</eStop>
				<highSpeedInput1>
					<activeLevel>high</activeLevel>
					<name>highSpeedInput1</name>
					<UIDisplay>off</UIDisplay>
				</highSpeedInput1>
			</digIO>
			<phasing phaseType="3">
				<phaseMode>autophase</phaseMode>
				<phaseDriveMag>0.05</phaseDriveMag>
				<magSpacing>0</magSpacing>
				<numPolePairs>13</numPolePairs>
				<phaseSource>secondary</phaseSource>
				<phaseDragTime>500</phaseDragTime>
			</phasing>
			<anaIO optionBoard="anaIO">
				<input>Unipolar 0-10 V</input>
				<output>Bipolar +/-10 V</output>
			</anaIO>
			<limits>
				<followingError>1</followingError>
				<softLimitPlus>10</softLimitPlus>
				<softLimitMinus>-10</softLimitMinus>
				<motorVoltage>180</motorVoltage>
				<minMotorVoltage>130</minMotorVoltage>
				<peakCurrent>12</peakCurrent>
				<continuousCurrent>4.6</continuousCurrent>
				<analogInThresholdVoltage>10.0</analogInThresholdVoltage>
				<velocityEnableTolerance>10.0</velocityEnableTolerance>
				<motionDonePositionTolerance>1.0</motionDonePositionTolerance>
				<continuousCurrentTime>1.0</continuousCurrentTime>
				<emergencyDeceleration>1000</emergencyDeceleration>
			</limits>
			<motorBrake>
				<enabled>off</enabled>
				<enableDelay>200</enableDelay>
				<disableDelay>200</disableDelay>
			</motorBrake>
			<biss>
				<numPositionBits>32</numPositionBits>
				<clockFreq>10</clockFreq>
				<bissDtForVelocityCalc>4</bissDtForVelocityCalc>
			</biss>
			<bissCh1>
				<numPositionBitsCh1>18</numPositionBitsCh1>
				<clockFreqCh1>5</clockFreqCh1>
				<bissDtForVelocityCalcCh1>4</bissDtForVelocityCalcCh1>
			</bissCh1>
		</amplifier>
		<mci>
			<speed>30</speed>
			<acceleration>300</acceleration>
			<deceleration>300</deceleration>
			<accelJerk>500000</accelJerk>
			<decelJerk>500000</decelJerk>
			<findHardLimitSpeed>5</findHardLimitSpeed>
			<homeOnSpeed>5</homeOnSpeed>
			<homeOffSpeed>5</homeOffSpeed>
			<homeAcceleration>100</homeAcceleration>
			<homeDeceleration>100</homeDeceleration>
			<homePosition>0</homePosition>
		</mci>
		<gcode>
			<axisMap>off</axisMap>
			<feedRateRapid>30000</feedRateRapid>
			<feedRateMax>30000</feedRateMax>
			<accelRapid>3600000</accelRapid>
			<decelRapid>3600000</decelRapid>
			<accelMax>106000000</accelMax>
			<jerkMax>6400000000000</jerkMax>
		</gcode>
		<errorResponse>
			<ambientOverTemp>
				<enabled>on</enabled>
				<latched>on</latched>
				<hardwareResponse driveMode="pwm">openFets</hardwareResponse>
				<softwareResponse>pathStop</softwareResponse>
			</ambientOverTemp>
			<continuousOverCurrent>
				<enabled>on</enabled>
				<latched>off</latched>
				<hardwareResponse driveMode="pwm">reducedDrive</hardwareResponse>
				<softwareResponse>none</softwareResponse>
			</continuousOverCurrent>
			<encoderFault>
				<enabled>off</enabled>
				<latched>on</latched>
				<hardwareResponse driveMode="pwm">openFets</hardwareResponse>
				<softwareResponse>pathStop</softwareResponse>
			</encoderFault>
			<eStop>
				<enabled>on</enabled>
				<latched>on</latched>
				<hardwareResponse driveMode="pwm">openFets</hardwareResponse>
				<softwareResponse>pathStop</softwareResponse>
			</eStop>
			<followingError>
				<enabled>on</enabled>
				<latched>on</latched>
				<hardwareResponse driveMode="pwm">openFets</hardwareResponse>
				<softwareResponse>pathStop</softwareResponse>
			</followingError>
			<hallFault>
				<enabled>off</enabled>
				<latched>on</latched>
				<hardwareResponse driveMode="pwm">openFets</hardwareResponse>
				<softwareResponse>pathStop</softwareResponse>
			</hallFault>
			<hardLimit>
				<enabled>off</enabled>
				<latched>on</latched>
				<hardwareResponse driveMode="pwm">reducedDrive</hardwareResponse>
				<softwareResponse>pathStop</softwareResponse>
			</hardLimit>
			<heatSinkOverTemp>
				<enabled>on</enabled>
				<latched>on</latched>
				<hardwareResponse driveMode="pwm">openFets</hardwareResponse>
				<softwareResponse>pathStop</softwareResponse>
			</heatSinkOverTemp>
			<mercuryTimeout>
				<enabled>on</enabled>
				<latched>on</latched>
				<hardwareResponse driveMode="pwm">openFets</hardwareResponse>
				<softwareResponse>pathStop</softwareResponse>
			</mercuryTimeout>
			<motorOverVoltage>
				<enabled>on</enabled>
				<latched>on</latched>
				<hardwareResponse driveMode="pwm">openFets</hardwareResponse>
				<softwareResponse>pathStop</softwareResponse>
			</motorOverVoltage>
			<motorUnderVoltage>
				<enabled>off</enabled>
				<latched>on</latched>
				<hardwareResponse driveMode="pwm">openFets</hardwareResponse>
				<softwareResponse>pathStop</softwareResponse>
			</motorUnderVoltage>
			<motorOverTemp>
				<enabled>off</enabled>
				<latched>on</latched>
				<hardwareResponse driveMode="pwm">openFets</hardwareResponse>
				<softwareResponse>pathStop</softwareResponse>
			</motorOverTemp>
			<peakOverCurrent>
				<enabled>on</enabled>
				<latched>on</latched>
				<hardwareResponse driveMode="pwm">openFets</hardwareResponse>
				<softwareResponse>pathStop</softwareResponse>
			</peakOverCurrent>
			<softLimit>
				<enabled>off</enabled>
				<latched>on</latched>
				<hardwareResponse driveMode="pwm">reducedDrive</hardwareResponse>
				<softwareResponse>pathStop</softwareResponse>
			</softLimit>
			<softwareEStop>
				<enabled>off</enabled>
				<latched>on</latched>
				<hardwareResponse driveMode="pwm">openFets</hardwareResponse>
				<softwareResponse>pathStop</softwareResponse>
			</softwareEStop>
			<spuError>
				<enabled>on</enabled>
				<latched>on</latched>
				<hardwareResponse driveMode="pwm">openFets</hardwareResponse>
				<softwareResponse>pathStop</softwareResponse>
			</spuError>
			<analogInThresholdOverVoltage>
				<enabled>off</enabled>
				<latched>on</latched>
				<hardwareResponse driveMode="pwm">openFets</hardwareResponse>
				<softwareResponse>pathStop</softwareResponse>
			</analogInThresholdOverVoltage>
			<infeasibleMotion>
				<hardwareResponse driveMode="pwm">openFets</hardwareResponse>
				<softwareResponse>pathStop</softwareResponse>
			</infeasibleMotion>
		</errorResponse>
	</axis>
	<axis name="axisDualBissBiss" driveMode="pwm" optionBoard="anaIO" vSelct="false" phaseType="3" ampVersion="3">
		<axisNum>4</axisNum>
		<units>deg</units>
		<amplifier>
			<name>C_Axis</name>
			<mercuryAddress>
				<chain>0</chain>
				<device>5</device>
			</mercuryAddress>
			<spuProgram>PIDVAFF</spuProgram>
			<secondarySpuProgram>PIDVAFF</secondarySpuProgram>
			<spuMultiplierRate>1x</spuMultiplierRate>
			<torqueCompEnabled>off</torqueCompEnabled>
			<encoderType>biss</encoderType>
			<secondaryEncoderType>bissCh1</secondaryEncoderType>
			<encoderGain>1E-06</encoderGain>
			<secondaryEncoderGain>1.0</secondaryEncoderGain>
			<encoderDirection>standard</encoderDirection>
			<HLIMDirection>standard</HLIMDirection>
			<rollOver>
				<enabled>off</enabled>
				<rollOverPosition>360.0</rollOverPosition>
			</rollOver>
			<backlashComp>
				<enabled>off</enabled>
				<amount>0</amount>
			</backlashComp>
			<triggering>
				<enabled>off</enabled>
				<fixedPitchMotionAxis>off</fixedPitchMotionAxis>
				<fixedPitch>
					<pulsedMode>off</pulsedMode>
					<pulseTime_ns>1000</pulseTime_ns>
					<pulseDistance_mm>0.025</pulseDistance_mm>
					<prrSynchedMode>off</prrSynchedMode>
				</fixedPitch>
				<syncTriggering>
					<defaultTriggerAxis>off</defaultTriggerAxis>
					<defaultHSOutput>0</defaultHSOutput>
					<defaultModulationTime>0</defaultModulationTime>
					<prrSignalSource>Internal</prrSignalSource>
					<prrSignalEnabled>off</prrSignalEnabled>
					<prrFreq>0</prrFreq>
					<hardwareDelayCompensation>
						<onDelay>0</onDelay>
						<offDelay>0</offDelay>
					</hardwareDelayCompensation>
					<safetyErrorResponseHSDO0>
						<enabled>off</enabled>
						<state>0</state>
					</safetyErrorResponseHSDO0>
					<safetyErrorResponseHSDO1>
						<enabled>off</enabled>
						<state>0</state>
					</safetyErrorResponseHSDO1>
				</syncTriggering>
			</triggering>
			<digIO>
				<output0>
					<name>Out_0</name>
					<UIDisplay>off</UIDisplay>
				</output0>
				<output1>
					<name>Out_1</name>
					<UIDisplay>off</UIDisplay>
				</output1>
				<highSpeedOutput0>
					<name>HSOut_0</name>
					<UIDisplay>off</UIDisplay>
				</highSpeedOutput0>
				<highSpeedOutput1>
					<name>HSOut_1</name>
					<UIDisplay>off</UIDisplay>
				</highSpeedOutput1>
				<input0>
					<activeLevel>high</activeLevel>
					<name>In_0</name>
					<UIDisplay>off</UIDisplay>
				</input0>
				<input1>
					<activeLevel>high</activeLevel>
					<name>In_1</name>
					<UIDisplay>off</UIDisplay>
				</input1>
				<input2>
					<activeLevel>high</activeLevel>
					<name>In_2</name>
					<UIDisplay>off</UIDisplay>
				</input2>
				<hardLimitPlus>
					<activeLevel>high</activeLevel>
					<name>hardLimitPlus</name>
					<UIDisplay>off</UIDisplay>
				</hardLimitPlus>
				<hardLimitMinus>
					<activeLevel>high</activeLevel>
					<name>hardLimitMinus</name>
					<UIDisplay>off</UIDisplay>
				</hardLimitMinus>
				<homeSwitch>
					<activeLevel>high</activeLevel>
					<name>homeSwitch</name>
					<UIDisplay>off</UIDisplay>
				</homeSwitch>
				<highSpeedInput>
					<activeLevel>high</activeLevel>
					<name>highSpeedInput</name>
					<UIDisplay>off</UIDisplay>
				</highSpeedInput>
				<hall0>
					<activeLevel>high</activeLevel>
					<name>hall0</name>
					<UIDisplay>off</UIDisplay>
				</hall0>
				<hall1>
					<activeLevel>high</activeLevel>
					<name>hall1</name>
					<UIDisplay>off</UIDisplay>
				</hall1>
				<hall2>
					<activeLevel>high</activeLevel>
					<name>hall2</name>
					<UIDisplay>off</UIDisplay>
				</hall2>
				<motorThermal>
					<activeLevel>low</activeLevel>
					<name>motorThermal</name>
					<UIDisplay>off</UIDisplay>
				</motorThermal>
				<safety>
					<activeLevel>low</activeLevel>
					<name>safety</name>
					<UIDisplay>off</UIDisplay>
				</safety>
				<eStop>
					<activeLevel>low</activeLevel>
					<name>eStop</name>
					<UIDisplay>off</UIDisplay>
				</eStop>
				<highSpeedInput1>
					<activeLevel>high</activeLevel>
					<name>highSpeedInput1</name>
					<UIDisplay>off</UIDisplay>
				</highSpeedInput1>
			</digIO>
			<phasing phaseType="3">
				<phaseMode>autophase</phaseMode>
				<phaseDriveMag>0.05</phaseDriveMag>
				<magSpacing>45</magSpacing>
				<numPolePairs>0</numPolePairs>
				<phaseSource>primary</phaseSource>
				<phaseDragTime>500</phaseDragTime>
			</phasing>
			<anaIO optionBoard="anaIO">
				<input>Unipolar 0-10 V</input>
				<output>Bipolar +/-10 V</output>
			</anaIO>
			<limits>
				<followingError>1</followingError>
				<softLimitPlus>1276</softLimitPlus>
				<softLimitMinus>-908</softLimitMinus>
				<motorVoltage>340</motorVoltage>
				<minMotorVoltage>280</minMotorVoltage>
				<peakCurrent>6</peakCurrent>
				<continuousCurrent>2.3</continuousCurrent>
				<analogInThresholdVoltage>10.0</analogInThresholdVoltage>
				<velocityEnableTolerance>10.0</velocityEnableTolerance>
				<motionDonePositionTolerance>1.0</motionDonePositionTolerance>
				<continuousCurrentTime>1.0</continuousCurrentTime>
				<emergencyDeceleration>1000</emergencyDeceleration>
			</limits>
			<motorBrake>
				<enabled>off</enabled>
				<enableDelay>200</enableDelay>
				<disableDelay>200</disableDelay>
			</motorBrake>
			<biss>
				<numPositionBits>36</numPositionBits>
				<clockFreq>10</clockFreq>
				<bissDtForVelocityCalc>1</bissDtForVelocityCalc>
			</biss>
			<bissCh1>
				<numPositionBitsCh1>32</numPositionBitsCh1>
				<clockFreqCh1>10</clockFreqCh1>
				<bissDtForVelocityCalcCh1>1</bissDtForVelocityCalcCh1>
			</bissCh1>
		</amplifier>
		<mci>
			<speed>30</speed>
			<acceleration>300</acceleration>
			<deceleration>300</deceleration>
			<accelJerk>500000</accelJerk>
			<decelJerk>500000</decelJerk>
			<findHardLimitSpeed>5</findHardLimitSpeed>
			<homeOnSpeed>5</homeOnSpeed>
			<homeOffSpeed>5</homeOffSpeed>
			<homeAcceleration>100</homeAcceleration>
			<homeDeceleration>100</homeDeceleration>
			<homePosition>0</homePosition>
		</mci>
		<gcode>
			<axisMap>C</axisMap>
			<feedRateRapid>1000</feedRateRapid>
			<feedRateMax>200000</feedRateMax>
			<accelRapid>3600000</accelRapid>
			<decelRapid>3600000</decelRapid>
			<accelMax>30000000000</accelMax>
			<jerkMax>1.3E+20</jerkMax>
		</gcode>
		<errorResponse>
			<ambientOverTemp>
				<enabled>on</enabled>
				<latched>on</latched>
				<hardwareResponse driveMode="pwm">openFets</hardwareResponse>
				<softwareResponse>pathStop</softwareResponse>
			</ambientOverTemp>
			<continuousOverCurrent>
				<enabled>on</enabled>
				<latched>off</latched>
				<hardwareResponse driveMode="pwm">reducedDrive</hardwareResponse>
				<softwareResponse>none</softwareResponse>
			</continuousOverCurrent>
			<encoderFault>
				<enabled>off</enabled>
				<latched>on</latched>
				<hardwareResponse driveMode="pwm">openFets</hardwareResponse>
				<softwareResponse>pathStop</softwareResponse>
			</encoderFault>
			<eStop>
				<enabled>on</enabled>
				<latched>on</latched>
				<hardwareResponse driveMode="pwm">openFets</hardwareResponse>
				<softwareResponse>pathStop</softwareResponse>
			</eStop>
			<followingError>
				<enabled>on</enabled>
				<latched>on</latched>
				<hardwareResponse driveMode="pwm">openFets</hardwareResponse>
				<softwareResponse>pathStop</softwareResponse>
			</followingError>
			<hallFault>
				<enabled>off</enabled>
				<latched>on</latched>
				<hardwareResponse driveMode="pwm">openFets</hardwareResponse>
				<softwareResponse>pathStop</softwareResponse>
			</hallFault>
			<hardLimit>
				<enabled>off</enabled>
				<latched>on</latched>
				<hardwareResponse driveMode="pwm">reducedDrive</hardwareResponse>
				<softwareResponse>pathStop</softwareResponse>
			</hardLimit>
			<heatSinkOverTemp>
				<enabled>on</enabled>
				<latched>on</latched>
				<hardwareResponse driveMode="pwm">openFets</hardwareResponse>
				<softwareResponse>pathStop</softwareResponse>
			</heatSinkOverTemp>
			<mercuryTimeout>
				<enabled>on</enabled>
				<latched>on</latched>
				<hardwareResponse driveMode="pwm">openFets</hardwareResponse>
				<softwareResponse>pathStop</softwareResponse>
			</mercuryTimeout>
			<motorOverVoltage>
				<enabled>on</enabled>
				<latched>on</latched>
				<hardwareResponse driveMode="pwm">openFets</hardwareResponse>
				<softwareResponse>pathStop</softwareResponse>
			</motorOverVoltage>
			<motorUnderVoltage>
				<enabled>off</enabled>
				<latched>on</latched>
				<hardwareResponse driveMode="pwm">openFets</hardwareResponse>
				<softwareResponse>pathStop</softwareResponse>
			</motorUnderVoltage>
			<motorOverTemp>
				<enabled>off</enabled>
				<latched>on</latched>
				<hardwareResponse driveMode="pwm">openFets</hardwareResponse>
				<softwareResponse>pathStop</softwareResponse>
			</motorOverTemp>
			<peakOverCurrent>
				<enabled>on</enabled>
				<latched>on</latched>
				<hardwareResponse driveMode="pwm">openFets</hardwareResponse>
				<softwareResponse>pathStop</softwareResponse>
			</peakOverCurrent>
			<softLimit>
				<enabled>on</enabled>
				<latched>on</latched>
				<hardwareResponse driveMode="pwm">setDriveToZero</hardwareResponse>
				<softwareResponse>pathStop</softwareResponse>
			</softLimit>
			<softwareEStop>
				<enabled>off</enabled>
				<latched>on</latched>
				<hardwareResponse driveMode="pwm">openFets</hardwareResponse>
				<softwareResponse>pathStop</softwareResponse>
			</softwareEStop>
			<spuError>
				<enabled>on</enabled>
				<latched>on</latched>
				<hardwareResponse driveMode="pwm">openFets</hardwareResponse>
				<softwareResponse>pathStop</softwareResponse>
			</spuError>
			<analogInThresholdOverVoltage>
				<enabled>off</enabled>
				<latched>on</latched>
				<hardwareResponse driveMode="pwm">openFets</hardwareResponse>
				<softwareResponse>pathStop</softwareResponse>
			</analogInThresholdOverVoltage>
			<infeasibleMotion>
				<hardwareResponse driveMode="pwm">openFets</hardwareResponse>
				<softwareResponse>pathStop</softwareResponse>
			</infeasibleMotion>
		</errorResponse>
	</axis>
	<axis name="axisDualBissAQuadB" driveMode="pwm" optionBoard="anaIO" vSelct="false" phaseType="3" ampVersion="3">
		<axisNum>5</axisNum>
		<units>deg</units>
		<amplifier>
			<name>U_Axis</name>
			<mercuryAddress>
				<chain>0</chain>
				<device>6</device>
			</mercuryAddress>
			<spuProgram>PIDVAFF</spuProgram>
			<secondarySpuProgram>PIDVAFF</secondarySpuProgram>
			<spuMultiplierRate>1x</spuMultiplierRate>
			<torqueCompEnabled>off</torqueCompEnabled>
			<encoderType>biss</encoderType>
			<secondaryEncoderType>aQuadB</secondaryEncoderType>
			<encoderGain>1E-06</encoderGain>
			<secondaryEncoderGain>0.0439453125</secondaryEncoderGain>
			<encoderDirection>standard</encoderDirection>
			<HLIMDirection>standard</HLIMDirection>
			<rollOver>
				<enabled>off</enabled>
				<rollOverPosition>360.0</rollOverPosition>
			</rollOver>
			<backlashComp>
				<enabled>off</enabled>
				<amount>0</amount>
			</backlashComp>
			<triggering>
				<enabled>off</enabled>
				<fixedPitchMotionAxis>off</fixedPitchMotionAxis>
				<fixedPitch>
					<pulsedMode>off</pulsedMode>
					<pulseTime_ns>1000</pulseTime_ns>
					<pulseDistance_mm>0.025</pulseDistance_mm>
					<prrSynchedMode>off</prrSynchedMode>
				</fixedPitch>
				<syncTriggering>
					<defaultTriggerAxis>off</defaultTriggerAxis>
					<defaultHSOutput>0</defaultHSOutput>
					<defaultModulationTime>0</defaultModulationTime>
					<prrSignalSource>Internal</prrSignalSource>
					<prrSignalEnabled>off</prrSignalEnabled>
					<prrFreq>0</prrFreq>
					<hardwareDelayCompensation>
						<onDelay>0</onDelay>
						<offDelay>0</offDelay>
					</hardwareDelayCompensation>
					<safetyErrorResponseHSDO0>
						<enabled>off</enabled>
						<state>0</state>
					</safetyErrorResponseHSDO0>
					<safetyErrorResponseHSDO1>
						<enabled>off</enabled>
						<state>0</state>
					</safetyErrorResponseHSDO1>
				</syncTriggering>
			</triggering>
			<digIO>
				<output0>
					<name>Out_0</name>
					<UIDisplay>off</UIDisplay>
				</output0>
				<output1>
					<name>Out_1</name>
					<UIDisplay>off</UIDisplay>
				</output1>
				<highSpeedOutput0>
					<name>HSOut_0</name>
					<UIDisplay>off</UIDisplay>
				</highSpeedOutput0>
				<highSpeedOutput1>
					<name>HSOut_1</name>
					<UIDisplay>off</UIDisplay>
				</highSpeedOutput1>
				<input0>
					<activeLevel>high</activeLevel>
					<name>In_0</name>
					<UIDisplay>off</UIDisplay>
				</input0>
				<input1>
					<activeLevel>high</activeLevel>
					<name>In_1</name>
					<UIDisplay>off</UIDisplay>
				</input1>
				<input2>
					<activeLevel>high</activeLevel>
					<name>In_2</name>
					<UIDisplay>off</UIDisplay>
				</input2>
				<hardLimitPlus>
					<activeLevel>high</activeLevel>
					<name>hardLimitPlus</name>
					<UIDisplay>off</UIDisplay>
				</hardLimitPlus>
				<hardLimitMinus>
					<activeLevel>high</activeLevel>
					<name>hardLimitMinus</name>
					<UIDisplay>off</UIDisplay>
				</hardLimitMinus>
				<homeSwitch>
					<activeLevel>high</activeLevel>
					<name>homeSwitch</name>
					<UIDisplay>off</UIDisplay>
				</homeSwitch>
				<highSpeedInput>
					<activeLevel>high</activeLevel>
					<name>highSpeedInput</name>
					<UIDisplay>off</UIDisplay>
				</highSpeedInput>
				<hall0>
					<activeLevel>high</activeLevel>
					<name>hall0</name>
					<UIDisplay>on</UIDisplay>
				</hall0>
				<hall1>
					<activeLevel>high</activeLevel>
					<name>hall1</name>
					<UIDisplay>on</UIDisplay>
				</hall1>
				<hall2>
					<activeLevel>high</activeLevel>
					<name>hall2</name>
					<UIDisplay>on</UIDisplay>
				</hall2>
				<motorThermal>
					<activeLevel>low</activeLevel>
					<name>motorThermal</name>
					<UIDisplay>off</UIDisplay>
				</motorThermal>
				<safety>
					<activeLevel>low</activeLevel>
					<name>safety</name>
					<UIDisplay>off</UIDisplay>
				</safety>
				<eStop>
					<activeLevel>low</activeLevel>
					<name>eStop</name>
					<UIDisplay>on</UIDisplay>
				</eStop>
				<highSpeedInput1>
					<activeLevel>high</activeLevel>
					<name>highSpeedInput1</name>
					<UIDisplay>off</UIDisplay>
				</highSpeedInput1>
			</digIO>
			<phasing phaseType="3">
				<phaseMode>autophase</phaseMode>
				<phaseDriveMag>0.05</phaseDriveMag>
				<magSpacing>0</magSpacing>
				<numPolePairs>0</numPolePairs>
				<phaseSource>primary</phaseSource>
				<phaseDragTime>500</phaseDragTime>
				<countsPerElecRev>666666</countsPerElecRev>
				<phaseFraction>2/3</phaseFraction>
			</phasing>
			<anaIO optionBoard="anaIO">
				<input>Unipolar 0-10 V</input>
				<output>Bipolar +/-10 V</output>
			</anaIO>
			<limits>
				<followingError>1</followingError>
				<softLimitPlus>350</softLimitPlus>
				<softLimitMinus>190</softLimitMinus>
				<motorVoltage>340</motorVoltage>
				<minMotorVoltage>280</minMotorVoltage>
				<peakCurrent>9</peakCurrent>
				<continuousCurrent>2.79</continuousCurrent>
				<analogInThresholdVoltage>10.0</analogInThresholdVoltage>
				<velocityEnableTolerance>10.0</velocityEnableTolerance>
				<motionDonePositionTolerance>1.0</motionDonePositionTolerance>
				<continuousCurrentTime>1.0</continuousCurrentTime>
				<emergencyDeceleration>1000</emergencyDeceleration>
			</limits>
			<motorBrake>
				<enabled>on</enabled>
				<enableDelay>200</enableDelay>
				<disableDelay>200</disableDelay>
			</motorBrake>
			<aQuadB>
				<velocityTMin>102.4</velocityTMin>
				<velocityTMax>1638.4</velocityTMax>
				<mode ampVersion="3">differential</mode>
			</aQuadB>
			<biss>
				<numPositionBits>36</numPositionBits>
				<clockFreq>10</clockFreq>
				<bissDtForVelocityCalc>1</bissDtForVelocityCalc>
			</biss>
		</amplifier>
		<mci>
			<speed>30</speed>
			<acceleration>1000</acceleration>
			<deceleration>1000</deceleration>
			<accelJerk>5000000</accelJerk>
			<decelJerk>5000000</decelJerk>
			<findHardLimitSpeed>5</findHardLimitSpeed>
			<homeOnSpeed>5</homeOnSpeed>
			<homeOffSpeed>5</homeOffSpeed>
			<homeAcceleration>100</homeAcceleration>
			<homeDeceleration>100</homeDeceleration>
			<homePosition>0</homePosition>
		</mci>
		<gcode>
			<axisMap>U</axisMap>
			<feedRateRapid>1000</feedRateRapid>
			<feedRateMax>1400000</feedRateMax>
			<accelRapid>3600000</accelRapid>
			<decelRapid>3600000</decelRapid>
			<accelMax>6120000</accelMax>
			<jerkMax>8020000000</jerkMax>
		</gcode>
		<errorResponse>
			<ambientOverTemp>
				<enabled>on</enabled>
				<latched>on</latched>
				<hardwareResponse driveMode="pwm">openFets</hardwareResponse>
				<softwareResponse>pathStop</softwareResponse>
			</ambientOverTemp>
			<continuousOverCurrent>
				<enabled>on</enabled>
				<latched>off</latched>
				<hardwareResponse driveMode="pwm">reducedDrive</hardwareResponse>
				<softwareResponse>none</softwareResponse>
			</continuousOverCurrent>
			<encoderFault>
				<enabled>off</enabled>
				<latched>on</latched>
				<hardwareResponse driveMode="pwm">openFets</hardwareResponse>
				<softwareResponse>pathStop</softwareResponse>
			</encoderFault>
			<eStop>
				<enabled>on</enabled>
				<latched>on</latched>
				<hardwareResponse driveMode="pwm">openFets</hardwareResponse>
				<softwareResponse>pathStop</softwareResponse>
			</eStop>
			<followingError>
				<enabled>on</enabled>
				<latched>on</latched>
				<hardwareResponse driveMode="pwm">openFets</hardwareResponse>
				<softwareResponse>pathStop</softwareResponse>
			</followingError>
			<hallFault>
				<enabled>off</enabled>
				<latched>on</latched>
				<hardwareResponse driveMode="pwm">openFets</hardwareResponse>
				<softwareResponse>pathStop</softwareResponse>
			</hallFault>
			<hardLimit>
				<enabled>off</enabled>
				<latched>on</latched>
				<hardwareResponse driveMode="pwm">reducedDrive</hardwareResponse>
				<softwareResponse>pathStop</softwareResponse>
			</hardLimit>
			<heatSinkOverTemp>
				<enabled>on</enabled>
				<latched>on</latched>
				<hardwareResponse driveMode="pwm">openFets</hardwareResponse>
				<softwareResponse>pathStop</softwareResponse>
			</heatSinkOverTemp>
			<mercuryTimeout>
				<enabled>on</enabled>
				<latched>on</latched>
				<hardwareResponse driveMode="pwm">openFets</hardwareResponse>
				<softwareResponse>pathStop</softwareResponse>
			</mercuryTimeout>
			<motorOverVoltage>
				<enabled>on</enabled>
				<latched>on</latched>
				<hardwareResponse driveMode="pwm">openFets</hardwareResponse>
				<softwareResponse>pathStop</softwareResponse>
			</motorOverVoltage>
			<motorUnderVoltage>
				<enabled>off</enabled>
				<latched>on</latched>
				<hardwareResponse driveMode="pwm">openFets</hardwareResponse>
				<softwareResponse>pathStop</softwareResponse>
			</motorUnderVoltage>
			<motorOverTemp>
				<enabled>off</enabled>
				<latched>on</latched>
				<hardwareResponse driveMode="pwm">openFets</hardwareResponse>
				<softwareResponse>pathStop</softwareResponse>
			</motorOverTemp>
			<peakOverCurrent>
				<enabled>on</enabled>
				<latched>on</latched>
				<hardwareResponse driveMode="pwm">openFets</hardwareResponse>
				<softwareResponse>pathStop</softwareResponse>
			</peakOverCurrent>
			<softLimit>
				<enabled>on</enabled>
				<latched>on</latched>
				<hardwareResponse driveMode="pwm">setDriveToZero</hardwareResponse>
				<softwareResponse>pathStop</softwareResponse>
			</softLimit>
			<softwareEStop>
				<enabled>off</enabled>
				<latched>on</latched>
				<hardwareResponse driveMode="pwm">openFets</hardwareResponse>
				<softwareResponse>pathStop</softwareResponse>
			</softwareEStop>
			<spuError>
				<enabled>on</enabled>
				<latched>on</latched>
				<hardwareResponse driveMode="pwm">openFets</hardwareResponse>
				<softwareResponse>pathStop</softwareResponse>
			</spuError>
			<analogInThresholdOverVoltage>
				<enabled>off</enabled>
				<latched>on</latched>
				<hardwareResponse driveMode="pwm">openFets</hardwareResponse>
				<softwareResponse>pathStop</softwareResponse>
			</analogInThresholdOverVoltage>
			<infeasibleMotion>
				<hardwareResponse driveMode="pwm">openFets</hardwareResponse>
				<softwareResponse>pathStop</softwareResponse>
			</infeasibleMotion>
		</errorResponse>
	</axis>
	<synchronousTrigger>
		<enabled>on</enabled>
		<outputAxisNum>0</outputAxisNum>
		<hsdo>0</hsdo>
		<analogOutControl>off</analogOutControl>
		<prrSettings>
			<mode>off</mode>
			<synchronized>false</synchronized>
			<frequency>10e3</frequency>
		</prrSettings>
		<hwDelayComp>
			<onDelay>0</onDelay>
			<offDelay>30000000</offDelay>
		</hwDelayComp>
		<triggerSafety>
			<hsdoSafetyResponse0>set low</hsdoSafetyResponse0>
			<hsdoSafetyResponse1>set low</hsdoSafetyResponse1>
		</triggerSafety>
		<fixedPitchDefaults>
			<pulsedMode>off</pulsedMode>
			<pulseWidth>10000</pulseWidth>
			<spaceDistance>0.1</spaceDistance>
			<markDistance>0.1</markDistance>
		</fixedPitchDefaults>
	</synchronousTrigger>
	<synchronousTrigger>
		<enabled>on</enabled>
		<outputAxisNum>1</outputAxisNum>
		<hsdo>0</hsdo>
		<analogOutControl>off</analogOutControl>
		<prrSettings>
			<mode>off</mode>
			<synchronized>false</synchronized>
			<frequency>10e3</frequency>
		</prrSettings>
		<hwDelayComp>
			<onDelay>0</onDelay>
			<offDelay>30000000</offDelay>
		</hwDelayComp>
		<triggerSafety>
			<hsdoSafetyResponse0>set low</hsdoSafetyResponse0>
			<hsdoSafetyResponse1>set low</hsdoSafetyResponse1>
		</triggerSafety>
		<fixedPitchDefaults>
			<pulsedMode>off</pulsedMode>
			<pulseWidth>10000</pulseWidth>
			<spaceDistance>0.1</spaceDistance>
			<markDistance>0.1</markDistance>
		</fixedPitchDefaults>
	</synchronousTrigger>
	<robotics>
		<enabled>off</enabled>
	</robotics>
</polarisConfig>